{
  "roc_auc": 0.8053703703703703,
  "f1": 0.5625,
  "cv_roc_auc_mean": 0.8364584206848358,
  "cv_roc_auc_std": 0.023964077304912224
}