{
  "roc_auc": 0.8118518518518517,
  "f1": 0.6060606060606061,
  "cv_roc_auc_mean": 0.8254294199860237,
  "cv_roc_auc_std": 0.027765884954148366
}
