{
  "roc_auc": 0.8229629629629629,
  "f1": 0.56,
  "cv_roc_auc_mean": 0.8303878406708595,
  "cv_roc_auc_std": 0.02228758281308102
}
