feature,importance_mean,importance_std
Glucose,0.3132105700916186,0.023002166786329506
BMI,0.1637729513131157,0.01078686630410675
Age,0.14296220016168998,0.008282434044543882
DiabetesPedigreeFunction,0.10860325222123257,0.00909766249389015
Pregnancies,0.07467364546288488,0.006267489898535464
BloodPressure,0.06887797277003957,0.013298906449645964
Insulin,0.051945544956849846,0.006392243461005336
SkinThickness,0.05011096446060977,0.006752887703488357
